user_id,risk_score,risk_band
U02936,10,high
U01618,10,high
U01971,10,high
U01738,10,high
U02770,10,high
U04268,10,high
U02382,10,high
U01598,9,high
U01628,9,high
U01957,9,high
U02363,9,high
U04961,9,high
U03557,9,high
U02254,8,high
U02083,8,high
U02036,8,high
U02010,8,high
U00796,8,high
U03386,8,high
U01006,8,high
U00340,8,high
U04341,8,high
U02111,8,high
U03777,8,high
U04778,8,high
U02560,8,high
U04346,8,high
U00376,8,high
U02852,8,high
U00606,8,high
U04327,8,high
U04234,8,high
U01858,8,high
U01151,8,high
U01756,8,high
U02187,8,high
U01563,8,high
U02713,8,high
U02886,8,high
U02772,7,medium
U03498,7,medium
U02398,7,medium
U00826,7,medium
U02675,7,medium
U04738,7,medium
U03296,7,medium
U00039,7,medium
U04040,7,medium
U04304,7,medium
U03952,7,medium
U02514,7,medium
U02263,7,medium
U00331,7,medium
U02710,7,medium
U00188,7,medium
U04633,7,medium
U00494,7,medium
U03664,7,medium
U01949,7,medium
U04372,7,medium
U00529,7,medium
U04907,7,medium
U03632,7,medium
U01929,7,medium
U03555,7,medium
U00915,7,medium
U04493,7,medium
U03533,7,medium
U04142,7,medium
U00811,7,medium
U03359,7,medium
U01058,7,medium
U02865,7,medium
U04181,7,medium
U01420,7,medium
U00965,7,medium
U04913,7,medium
U01999,7,medium
U04707,7,medium
U01970,7,medium
U01016,7,medium
U01910,7,medium
U00832,7,medium
U02670,6,medium
U00167,6,medium
U03943,6,medium
U04017,6,medium
U02264,6,medium
U03661,6,medium
U01304,6,medium
U02249,6,medium
U00015,6,medium
U02581,6,medium
U04001,6,medium
U02073,6,medium
U04801,6,medium
U01291,6,medium
U00484,6,medium
U04477,6,medium
U04161,6,medium
U02328,6,medium
U03128,6,medium
U02441,6,medium
U00861,6,medium
U02593,6,medium
U04966,6,medium
U03729,6,medium
U04518,6,medium
U02979,6,medium
U03996,6,medium
U00673,6,medium
U01313,6,medium
U04632,6,medium
U01286,6,medium
U00058,6,medium
U04868,6,medium
U03806,6,medium
U00106,6,medium
U00399,6,medium
U03275,6,medium
U00116,6,medium
U01479,6,medium
U00075,6,medium
U01459,6,medium
U02458,6,medium
U00597,6,medium
U02984,6,medium
U02401,6,medium
U03413,6,medium
U02641,6,medium
U03339,6,medium
U03602,6,medium
U01171,6,medium
U02144,6,medium
U01037,6,medium
U01117,6,medium
U03230,6,medium
U03317,6,medium
U04029,6,medium
U04384,6,medium
U03831,6,medium
U00226,6,medium
U02537,6,medium
U01711,6,medium
U04892,6,medium
U01453,6,medium
U03747,6,medium
U00912,6,medium
U02983,6,medium
U00532,6,medium
U03920,6,medium
U03069,6,medium
U02008,6,medium
U03014,6,medium
U00688,6,medium
U04019,6,medium
U01708,6,medium
U04866,6,medium
U00359,6,medium
U03868,6,medium
U01195,6,medium
U02223,6,medium
U04911,6,medium
U04741,6,medium
U04041,5,medium
U01790,5,medium
U02260,5,medium
U03848,5,medium
U00568,5,medium
U02518,5,medium
U04995,5,medium
U03260,5,medium
U01919,5,medium
U02489,5,medium
U01986,5,medium
U04054,5,medium
U04250,5,medium
U03684,5,medium
U00522,5,medium
U00128,5,medium
U00107,5,medium
U04920,5,medium
U00663,5,medium
U00615,5,medium
U00440,5,medium
U04957,5,medium
U03618,5,medium
U03382,5,medium
U01449,5,medium
U01150,5,medium
U04819,5,medium
U04502,5,medium
U04587,5,medium
U03352,5,medium
U01129,5,medium
U02060,5,medium
U01121,5,medium
U03418,5,medium
U03568,5,medium
U01402,5,medium
U04862,5,medium
U01996,5,medium
U01600,5,medium
U04239,5,medium
U03538,5,medium
U02913,5,medium
U04689,5,medium
U02736,5,medium
U01865,5,medium
U00087,5,medium
U01004,5,medium
U04479,5,medium
U01011,5,medium
U04426,5,medium
U03828,5,medium
U04888,5,medium
U03782,5,medium
U04014,5,medium
U00934,5,medium
U04636,5,medium
U00836,5,medium
U03005,5,medium
U04874,5,medium
U03589,5,medium
U04721,5,medium
U03979,5,medium
U04285,5,medium
U04436,5,medium
U03832,5,medium
U00827,4,medium
U04592,4,medium
U04072,4,medium
U01039,4,medium
U04810,4,medium
U04099,4,medium
U01984,4,medium
U03247,4,medium
U02469,4,medium
U02796,4,medium
U03303,4,medium
U01601,4,medium
U04788,4,medium
U01742,4,medium
U02681,4,medium
U00470,4,medium
U04037,4,medium
U03188,4,medium
U01470,4,medium
U02009,4,medium
U01901,4,medium
U03319,4,medium
U00482,4,medium
U02222,4,medium
U02907,4,medium
U02162,4,medium
U02034,4,medium
U02012,4,medium
U04812,4,medium
U03845,4,medium
U00721,4,medium
U00574,4,medium
U01569,4,medium
U03191,4,medium
U03278,4,medium
U01395,4,medium
U04238,4,medium
U02719,4,medium
U00601,4,medium
U01481,4,medium
U01586,4,medium
U03113,4,medium
U02677,4,medium
U00287,4,medium
U02776,4,medium
U02906,4,medium
U03924,4,medium
U04338,4,medium
U00102,4,medium
U02069,4,medium
U00374,4,medium
U03245,4,medium
U03173,4,medium
U03527,4,medium
U04271,4,medium
U00053,4,medium
U02542,4,medium
U01457,4,medium
U02214,4,medium
U01814,4,medium
U03135,4,medium
U01191,4,medium
U02705,4,medium
U00847,4,medium
U02129,4,medium
U04256,4,medium
U01179,4,medium
U03862,4,medium
U03811,4,medium
U04313,4,medium
U03268,4,medium
U00770,4,medium
U04795,4,medium
U03180,4,medium
U03187,4,medium
U01208,4,medium
U04061,4,medium
U04498,4,medium
U03492,4,medium
U04052,4,medium
U00225,4,medium
U00927,4,medium
U03923,4,medium
U00936,4,medium
U01941,4,medium
U01998,4,medium
U00799,4,medium
U04028,4,medium
U00082,4,medium
U04611,4,medium
U03437,4,medium
U03579,4,medium
U01120,4,medium
U00250,4,medium
U03355,4,medium
U03270,4,medium
U02395,4,medium
U04684,4,medium
U01670,4,medium
U04102,4,medium
U00891,4,medium
U01835,4,medium
U04593,4,medium
U04905,4,medium
U00498,4,medium
U04064,4,medium
U04201,4,medium
U04550,4,medium
U00172,4,medium
U04863,4,medium
U03328,4,medium
U03639,4,medium
U02271,4,medium
U02958,4,medium
U00954,4,medium
U03083,4,medium
U03610,4,medium
U00161,4,medium
U00158,4,medium
U01425,4,medium
U01157,4,medium
U03907,4,medium
U02985,4,medium
U00507,4,medium
U01948,4,medium
U00884,4,medium
U02961,4,medium
U03510,4,medium
U02897,4,medium
U01958,4,medium
U04405,4,medium
U03694,4,medium
U01184,4,medium
U01000,4,medium
U01609,4,medium
U00476,4,medium
U03276,4,medium
U03945,4,medium
U01615,4,medium
U02025,4,medium
U03742,4,medium
U00618,4,medium
U01213,4,medium
U02825,4,medium
U03951,4,medium
U02510,4,medium
U01512,4,medium
U02390,4,medium
U03588,4,medium
U04641,4,medium
U00797,4,medium
U02381,4,medium
U03254,4,medium
U03576,4,medium
U03715,4,medium
U02868,4,medium
U02497,4,medium
U03886,4,medium
U04310,4,medium
U01466,4,medium
U00679,4,medium
U03100,4,medium
U03195,4,medium
U03112,4,medium
U00263,4,medium
U04082,4,medium
U01172,4,medium
U04548,4,medium
U04467,4,medium
U01024,4,medium
U00422,4,medium
U00057,4,medium
U00607,4,medium
U03512,4,medium
U00763,4,medium
U00004,4,medium
U01370,4,medium
U03711,4,medium
U03790,4,medium
U03981,4,medium
U02759,4,medium
U00918,4,medium
U01128,4,medium
U02104,4,medium
U00650,4,medium
U03169,4,medium
U00764,4,medium
U01200,4,medium
U04760,4,medium
U02402,4,medium
U01567,4,medium
U02692,4,medium
U02661,4,medium
U02728,4,medium
U03563,4,medium
U04782,4,medium
U02136,4,medium
U01745,4,medium
U00643,4,medium
U00527,4,medium
U02495,4,medium
U04391,4,medium
U01887,4,medium
U01686,4,medium
U00869,4,medium
U03340,4,medium
U04303,4,medium
U02421,4,medium
U00718,4,medium
U04516,4,medium
U04039,4,medium
U04744,4,medium
U02819,4,medium
U02455,4,medium
U02663,4,medium
U04355,4,medium
U03670,4,medium
U04203,4,medium
U02016,4,medium
U03781,4,medium
U00555,4,medium
U00873,4,medium
U01152,4,medium
U02120,4,medium
U02755,4,medium
U00268,4,medium
U01633,4,medium
U03827,4,medium
U02580,4,medium
U04685,4,medium
U02206,4,medium
U00708,4,medium
U02753,4,medium
U00644,4,medium
U00127,4,medium
U02086,4,medium
U02153,4,medium
U04455,4,medium
U03948,4,medium
U01902,4,medium
U04937,4,medium
U02843,4,medium
U02570,4,medium
U02972,4,medium
U01884,4,medium
U01607,4,medium
U04058,4,medium
U02594,4,medium
U02000,4,medium
U02798,4,medium
U00543,4,medium
U03154,4,medium
U01917,4,medium
U04121,4,medium
U00192,4,medium
U04190,4,medium
U03974,4,medium
U02273,4,medium
U00421,4,medium
U00924,4,medium
U00302,4,medium
U01693,4,medium
U02325,4,medium
U02336,4,medium
U04919,4,medium
U04215,4,medium
U03125,4,medium
U03738,4,medium
U02261,4,medium
U03719,4,medium
U04796,4,medium
U03523,4,medium
U00857,4,medium
U02368,4,medium
U04808,4,medium
U02113,4,medium
U04926,4,medium
U00904,4,medium
U03517,4,medium
U00655,4,medium
U00778,4,medium
U00589,4,medium
U04929,4,medium
U00219,4,medium
U03153,4,medium
U01806,4,medium
U04617,4,medium
U04494,4,medium
U00791,4,medium
U00243,4,medium
U00456,4,medium
U02158,4,medium
U03243,4,medium
U01405,4,medium
U03969,4,medium
U03185,4,medium
U02944,4,medium
U04255,4,medium
U02658,4,medium
U02030,4,medium
U01183,4,medium
U00016,4,medium
U00253,4,medium
U02299,4,medium
U01345,4,medium
U04418,4,medium
U01463,4,medium
U03672,4,medium
U03889,4,medium
U02978,4,medium
U01561,4,medium
U01043,4,medium
U01268,4,medium
U01154,4,medium
U01774,4,medium
U01052,4,medium
U00694,4,medium
U01988,4,medium
U02485,4,medium
U03457,4,medium
U01473,4,medium
U00247,4,medium
U01088,4,medium
U04942,4,medium
U01888,4,medium
U02707,4,medium
U01857,4,medium
U04032,4,medium
U02531,4,medium
U02349,4,medium
U00310,4,medium
U01662,4,medium
U02648,4,medium
U01404,4,medium
U02306,4,medium
U04989,4,medium
U03401,4,medium
U01808,4,medium
U00233,4,medium
U02291,4,medium
U03033,4,medium
U01118,4,medium
U02494,4,medium
U02883,4,medium
U01248,4,medium
U03892,4,medium
U04551,4,medium
U03771,4,medium
U03549,4,medium
U00553,4,medium
U01554,4,medium
U00969,4,medium
U00813,4,medium
U01319,4,medium
U02268,4,medium
U03746,4,medium
U02067,4,medium
U01611,4,medium
U04311,4,medium
U01485,4,medium
U04351,4,medium
U04152,4,medium
U00275,4,medium
U04965,4,medium
U02687,4,medium
U03199,4,medium
U00976,4,medium
U04588,4,medium
U02139,4,medium
U02861,4,medium
U04326,4,medium
U01433,4,medium
U02039,4,medium
U01736,4,medium
U03016,4,medium
U04069,4,medium
U04138,4,medium
U02338,4,medium
U04144,4,medium
U02238,4,medium
U03361,4,medium
U04870,4,medium
U00198,4,medium
U00408,4,medium
U03280,4,medium
U01903,4,medium
U03503,4,medium
U04562,4,medium
U04825,4,medium
U03698,4,medium
U03109,4,medium
U03329,4,medium
U01511,4,medium
U01656,4,medium
U02841,4,medium
U01314,4,medium
U00879,4,medium
U02877,4,medium
U01826,4,medium
U01564,4,medium
U04187,4,medium
U00887,4,medium
U04643,3,low
U02311,3,low
U01942,3,low
U00238,3,low
U01791,3,low
U01832,3,low
U01819,3,low
U00639,3,low
U01836,3,low
U00863,3,low
U02334,3,low
U01499,3,low
U03792,3,low
U04410,3,low
U01398,3,low
U00851,3,low
U04867,3,low
U02305,3,low
U02488,3,low
U02872,3,low
U03870,3,low
U03805,3,low
U01257,3,low
U03814,3,low
U03144,3,low
U01477,3,low
U03430,3,low
U01765,3,low
U02232,3,low
U02492,3,low
U01130,3,low
U03773,3,low
U02280,3,low
U01739,3,low
U03429,3,low
U00141,3,low
U04135,3,low
U03086,3,low
U04944,3,low
U01654,3,low
U00800,3,low
U01290,3,low
U01332,3,low
U01526,3,low
U04367,3,low
U02942,3,low
U02810,3,low
U03759,3,low
U00968,3,low
U01587,3,low
U03702,3,low
U01536,3,low
U04954,3,low
U02932,3,low
U04751,3,low
U01306,3,low
U04352,3,low
U00776,3,low
U04114,3,low
U00868,3,low
U03075,3,low
U01699,3,low
U00069,3,low
U00957,3,low
U03882,3,low
U00222,3,low
U02878,3,low
U03327,3,low
U03607,3,low
U04189,3,low
U02552,3,low
U01725,3,low
U02723,3,low
U02598,3,low
U03927,3,low
U01303,3,low
U01305,3,low
U01160,3,low
U04818,3,low
U01728,3,low
U03802,3,low
U01252,3,low
U01168,3,low
U02611,3,low
U00502,3,low
U02340,3,low
U02926,3,low
U02605,3,low
U04865,3,low
U03598,3,low
U04909,3,low
U01727,3,low
U04829,3,low
U03480,3,low
U03561,3,low
U02078,3,low
U00752,3,low
U00346,3,low
U04300,3,low
U00608,3,low
U02148,3,low
U03881,3,low
U01731,3,low
U01932,3,low
U04289,3,low
U02226,3,low
U01448,3,low
U00259,3,low
U04883,3,low
U03146,3,low
U02493,3,low
U00104,3,low
U00528,3,low
U01712,3,low
U02003,3,low
U00081,3,low
U02703,3,low
U03103,3,low
U00756,3,low
U03504,3,low
U00516,3,low
U03080,3,low
U01710,3,low
U02424,3,low
U03984,3,low
U04612,3,low
U00885,3,low
U01042,3,low
U02478,3,low
U01764,3,low
U03652,3,low
U01491,3,low
U04505,3,low
U00118,3,low
U01278,3,low
U00096,3,low
U04172,3,low
U00646,3,low
U02789,3,low
U02526,3,low
U03022,3,low
U02608,3,low
U03820,3,low
U01894,3,low
U02097,3,low
U03336,3,low
U03025,3,low
U03286,3,low
U01321,3,low
U01338,3,low
U03462,3,low
U04317,3,low
U01824,3,low
U03453,3,low
U00354,3,low
U00316,3,low
U00178,3,low
U00394,3,low
U02751,3,low
U01269,3,low
U01230,3,low
U03255,3,low
U00166,3,low
U00041,3,low
U00319,3,low
U01684,3,low
U03745,3,low
U01245,3,low
U01895,3,low
U02695,3,low
U03224,3,low
U04136,3,low
U00730,3,low
U03822,3,low
U02076,3,low
U02528,3,low
U04183,3,low
U01193,3,low
U02636,3,low
U03540,3,low
U02161,3,low
U02934,3,low
U04060,3,low
U03789,3,low
U04026,3,low
U04199,3,low
U04736,3,low
U01135,3,low
U02125,3,low
U03836,3,low
U04616,3,low
U03010,3,low
U03906,3,low
U00652,3,low
U04773,3,low
U03520,3,low
U04348,3,low
U01136,3,low
U04153,3,low
U03499,3,low
U03681,3,low
U03975,3,low
U00674,3,low
U02085,3,low
U03056,3,low
U01751,3,low
U03183,3,low
U04322,3,low
U00685,3,low
U03013,3,low
U00309,3,low
U02805,3,low
U03142,3,low
U03727,3,low
U02191,3,low
U00438,3,low
U01744,3,low
U04332,3,low
U00929,3,low
U02620,3,low
U02980,3,low
U03883,3,low
U04452,3,low
U03079,3,low
U04129,3,low
U00497,3,low
U04177,3,low
U03829,3,low
U04848,3,low
U01218,3,low
U04753,3,low
U03477,3,low
U01622,3,low
U00064,3,low
U02577,3,low
U04362,3,low
U04244,3,low
U02143,3,low
U00738,3,low
U04852,3,low
U01235,3,low
U03807,3,low
U02475,3,low
U00181,3,low
U03993,3,low
U03687,3,low
U02209,3,low
U02752,3,low
U04210,3,low
U04886,3,low
U01215,3,low
U03730,3,low
U04068,3,low
U02387,3,low
U03707,3,low
U02831,3,low
U00617,3,low
U04690,3,low
U00923,3,low
U02549,3,low
U03202,3,low
U00175,3,low
U04861,3,low
U01896,3,low
U01758,3,low
U03126,3,low
U01655,3,low
U02787,3,low
U03713,3,low
U01261,3,low
U04115,3,low
U01086,3,low
U02448,3,low
U03252,3,low
U00651,3,low
U01537,3,low
U01652,3,low
U00013,3,low
U04771,3,low
U03349,3,low
U01320,3,low
U04247,3,low
U01897,3,low
U02197,3,low
U04682,3,low
U01342,3,low
U02982,3,low
U00772,3,low
U04237,3,low
U01687,3,low
U02797,3,low
U00246,3,low
U02127,3,low
U00963,3,low
U01516,3,low
U03461,3,low
U03141,3,low
U01795,3,low
U03926,3,low
U01444,3,low
U01641,3,low
U04563,3,low
U02740,3,low
U03680,3,low
U03600,3,low
U01750,2,low
U04340,2,low
U00179,2,low
U01787,2,low
U03365,2,low
U02055,2,low
U02701,2,low
U02180,2,low
U03537,2,low
U04260,2,low
U01038,2,low
U00691,2,low
U04500,2,low
U00599,2,low
U02898,2,low
U01416,2,low
U03763,2,low
U04374,2,low
U04665,2,low
U00520,2,low
U00726,2,low
U04820,2,low
U02536,2,low
U01126,2,low
U02351,2,low
U01830,2,low
U00184,2,low
U03011,2,low
U01560,2,low
U00221,2,low
U02200,2,low
U03023,2,low
U04337,2,low
U00142,2,low
U04154,2,low
U03466,2,low
U04803,2,low
U02246,2,low
U04687,2,low
U03093,2,low
U04403,2,low
U02546,2,low
U04095,2,low
U01330,2,low
U03371,2,low
U04065,2,low
U00523,2,low
U04799,2,low
U04976,2,low
U00563,2,low
U04274,2,low
U04071,2,low
U00598,2,low
U01898,2,low
U03482,2,low
U02204,2,low
U03918,2,low
U00937,2,low
U00112,2,low
U04757,2,low
U00548,2,low
U02255,2,low
U04960,2,low
U04308,2,low
U02741,2,low
U00483,2,low
U02959,2,low
U02061,2,low
U01506,2,low
U01631,2,low
U02032,2,low
U00983,2,low
U02596,2,low
U04295,2,low
U03118,2,low
U02202,2,low
U02756,2,low
U01678,2,low
U00622,2,low
U01771,2,low
U00900,2,low
U00416,2,low
U03181,2,low
U03242,2,low
U03679,2,low
U00569,2,low
U04015,2,low
U03968,2,low
U03629,2,low
U04568,2,low
U00388,2,low
U00341,2,low
U01106,2,low
U01822,2,low
U00955,2,low
U04277,2,low
U02708,2,low
U03032,2,low
U03496,2,low
U00902,2,low
U04287,2,low
U03760,2,low
U01365,2,low
U04027,2,low
U02412,2,low
U02722,2,low
U01945,2,low
U00590,2,low
U02477,2,low
U00980,2,low
U01411,2,low
U01177,2,low
U02920,2,low
U03364,2,low
U01581,2,low
U03164,2,low
U02892,2,low
U04000,2,low
U02704,2,low
U03748,2,low
U00056,2,low
U02480,2,low
U03977,2,low
U00345,2,low
U04345,2,low
U03369,2,low
U01272,2,low
U03514,2,low
U04903,2,low
U03861,2,low
U02891,2,low
U02520,2,low
U03999,2,low
U00121,2,low
U04938,2,low
U01659,2,low
U00274,2,low
U01599,2,low
U00662,2,low
U00356,2,low
U02682,2,low
U03306,2,low
U01297,2,low
U03353,2,low
U02721,2,low
U02633,2,low
U04435,2,low
U00371,2,low
U01092,2,low
U00189,2,low
U03908,2,low
U02154,2,low
U01046,2,low
U00109,2,low
U02876,2,low
U02696,2,low
U04962,2,low
U03655,2,low
U04988,2,low
U03417,2,low
U03869,2,low
U02371,2,low
U02088,2,low
U01253,2,low
U00990,2,low
U04409,2,low
U03150,2,low
U02857,2,low
U02355,2,low
U02046,2,low
U03396,2,low
U00777,2,low
U00367,2,low
U04445,2,low
U00854,2,low
U03885,2,low
U00271,2,low
U04045,2,low
U02504,2,low
U01944,2,low
U02827,2,low
U01301,2,low
U01339,2,low
U02092,2,low
U03046,2,low
U03244,2,low
U01515,2,low
U02517,2,low
U01651,2,low
U01205,2,low
U00337,2,low
U03737,2,low
U01937,2,low
U00209,2,low
U00453,2,low
U04013,2,low
U02327,2,low
U00557,2,low
U02466,2,low
U02304,2,low
U00061,2,low
U01591,2,low
U04708,2,low
U04880,2,low
U00716,2,low
U03751,2,low
U02419,2,low
U03925,2,low
U02081,2,low
U02021,2,low
U02901,2,low
U04323,2,low
U04008,2,low
U02427,2,low
U02941,2,low
U01081,2,low
U01101,2,low
U00945,2,low
U04507,2,low
U01809,2,low
U03815,2,low
U03934,2,low
U00257,2,low
U02378,2,low
U02117,2,low
U04556,2,low
U02516,2,low
U02250,2,low
U02824,2,low
U02742,2,low
U00579,2,low
U03962,2,low
U04132,2,low
U01441,2,low
U01173,2,low
U00806,2,low
U04552,2,low
U01812,2,low
U00840,2,low
U01674,2,low
U04891,2,low
U03468,2,low
U00898,2,low
U00248,2,low
U02137,2,low
U04043,2,low
U03129,2,low
U02169,2,low
U03841,2,low
U03813,2,low
U04325,2,low
U03367,2,low
U04547,2,low
U00213,2,low
U03227,2,low
U01122,2,low
U02307,2,low
U03895,2,low
U03163,2,low
U00059,2,low
U01961,2,low
U04430,2,low
U00890,2,low
U01584,2,low
U01602,2,low
U04379,2,low
U02525,2,low
U01188,2,low
U01214,2,low
U00710,2,low
U00108,2,low
U00508,2,low
U02135,2,low
U00849,2,low
U00964,2,low
U02244,2,low
U00380,2,low
U01246,2,low
U00575,2,low
U03078,2,low
U02744,2,low
U01842,2,low
U01233,2,low
U00779,2,low
U00478,2,low
U01197,2,low
U03519,2,low
U02622,2,low
U03072,2,low
U00411,2,low
U00962,2,low
U02739,2,low
U04727,2,low
U00140,2,low
U01060,2,low
U04809,2,low
U03871,2,low
U00007,2,low
U04623,2,low
U04459,2,low
U02193,2,low
U04956,2,low
U03709,2,low
U04504,2,low
U00272,2,low
U04675,2,low
U00743,2,low
U01244,2,low
U01989,2,low
U04979,2,low
U04535,2,low
U01147,2,low
U02389,2,low
U00874,2,low
U03210,2,low
U01592,2,low
U04934,2,low
U01874,2,low
U04702,2,low
U00305,2,low
U00290,2,low
U02588,2,low
U01413,2,low
U04350,2,low
U01315,2,low
U00905,2,low
U03378,2,low
U02145,2,low
U03958,2,low
U03625,2,low
U03318,2,low
U02578,2,low
U04856,2,low
U00396,2,low
U00939,2,low
U02313,2,low
U02647,2,low
U01030,2,low
U03370,2,low
U02251,2,low
U00572,2,low
U02468,2,low
U01647,2,low
U01289,2,low
U02971,2,low
U00583,2,low
U00533,2,low
U00074,2,low
U00133,2,low
U04439,2,low
U02403,2,low
U04931,2,low
U04109,2,low
U02013,2,low
U03454,2,low
U02562,2,low
U01544,2,low
U00288,2,low
U02259,2,low
U01792,2,low
U01596,2,low
U00733,2,low
U03419,2,low
U02234,2,low
U00134,2,low
U03208,2,low
U04786,2,low
U00594,2,low
U01580,2,low
U02108,2,low
U00518,2,low
U03911,2,low
U02423,2,low
U00656,2,low
U04986,2,low
U00794,2,low
U02507,2,low
U02650,2,low
U00542,2,low
U00620,2,low
U00144,2,low
U04705,2,low
U04048,2,low
U03299,2,low
U00169,2,low
U00745,2,low
U03451,2,low
U04023,2,low
U01762,2,low
U00942,2,low
U03066,2,low
U04654,2,low
U03888,2,low
U00846,2,low
U01262,2,low
U01318,2,low
U04768,2,low
U01072,2,low
U00896,2,low
U00560,2,low
U01190,2,low
U02157,2,low
U03391,2,low
U01219,2,low
U03073,2,low
U01234,2,low
U00190,2,low
U03765,2,low
U03325,2,low
U01017,2,low
U00304,2,low
U02329,2,low
U03216,2,low
U00375,2,low
U00472,2,low
U00206,2,low
U00306,2,low
U00138,2,low
U01620,2,low
U01099,2,low
U03102,2,low
U02178,2,low
U04662,2,low
U03599,2,low
U03901,2,low
U00040,2,low
U00530,2,low
U00479,2,low
U04297,2,low
U02954,2,low
U01612,2,low
U01555,2,low
U04850,2,low
U01543,2,low
U01133,2,low
U02735,2,low
U00391,2,low
U01140,2,low
U03515,2,low
U00801,2,low
U03619,2,low
U03024,2,low
U01605,2,low
U02871,2,low
U02348,2,low
U04922,2,low
U03398,2,low
U01308,2,low
U00036,2,low
U02312,2,low
U04638,2,low
U04785,2,low
U01928,2,low
U04569,2,low
U00546,2,low
U04051,2,low
U02855,2,low
U00008,2,low
U04731,2,low
U01548,2,low
U04589,2,low
U01074,2,low
U00704,2,low
U02005,2,low
U01965,2,low
U02048,2,low
U00773,2,low
U01911,2,low
U04775,2,low
U02968,2,low
U02754,2,low
U00390,2,low
U01105,2,low
U03082,2,low
U04083,2,low
U01256,2,low
U03459,2,low
U01354,2,low
U01071,2,low
U04416,2,low
U04440,2,low
U00511,2,low
U00389,2,low
U00831,2,low
U01840,2,low
U00333,2,low
U02107,2,low
U00970,2,low
U03941,2,low
U01838,2,low
U01908,2,low
U02230,2,low
U00621,2,low
U04645,2,low
U03421,2,low
U01851,2,low
U03817,2,low
U01495,2,low
U03300,2,low
U02277,2,low
U02236,2,low
U04302,2,low
U02927,2,low
U00240,2,low
U02147,2,low
U00414,2,low
U02018,2,low
U02664,2,low
U03623,2,low
U01216,2,low
U03644,2,low
U01579,2,low
U01102,2,low
U02121,2,low
U00762,2,low
U00398,2,low
U04869,2,low
U02850,2,low
U01232,2,low
U01231,2,low
U02905,2,low
U01344,2,low
U02511,2,low
U00300,2,low
U04649,2,low
U00559,2,low
U04070,2,low
U01097,2,low
U02881,2,low
U02963,2,low
U03433,2,low
U02045,2,low
U02332,2,low
U01386,2,low
U03917,2,low
U04910,2,low
U04283,2,low
U02671,2,low
U04628,2,low
U00649,2,low
U04595,2,low
U01881,2,low
U03502,2,low
U01311,2,low
U04235,2,low
U01034,2,low
U04615,2,low
U04488,2,low
U03411,2,low
U01921,2,low
U02951,2,low
U02939,2,low
U00093,2,low
U01589,2,low
U02791,2,low
U02830,2,low
U03253,2,low
U00397,2,low
U01146,2,low
U03471,2,low
U04360,2,low
U01845,2,low
U04006,2,low
U04805,2,low
U04242,2,low
U04179,2,low
U00100,2,low
U02155,2,low
U03485,2,low
U04117,2,low
U01048,2,low
U04089,2,low
U04696,2,low
U00734,2,low
U02904,2,low
U02513,2,low
U02694,2,low
U03288,2,low
U02075,2,low
U00452,2,low
U02447,2,low
U03052,2,low
U01486,2,low
U01347,2,low
U04094,2,low
U02945,2,low
U02683,2,low
U01621,2,low
U00449,2,low
U04267,2,low
U01207,2,low
U02213,2,low
U04335,2,low
U04443,2,low
U04813,2,low
U04840,2,low
U03768,2,low
U03012,2,low
U01821,2,low
U04049,2,low
U01228,2,low
U04208,2,low
U00746,2,low
U04754,2,low
U04673,2,low
U04011,2,low
U03098,2,low
U01954,2,low
U03037,2,low
U02717,2,low
U04432,2,low
U00330,2,low
U04248,2,low
U01636,2,low
U03985,2,low
U03724,2,low
U00024,2,low
U04833,2,low
U02632,2,low
U04729,2,low
U01573,2,low
U03783,2,low
U02950,2,low
U02697,2,low
U00413,2,low
U02308,2,low
U02339,2,low
U00759,2,low
U00865,2,low
U00919,2,low
U03799,2,low
U01181,2,low
U01816,2,low
U03332,2,low
U00342,2,low
U03980,2,low
U04079,2,low
U02453,2,low
U00538,2,low
U02903,2,low
U01165,2,low
U04166,2,low
U04059,2,low
U03130,2,low
U00182,2,low
U04947,2,low
U01371,2,low
U04990,2,low
U03695,2,low
U04578,2,low
U03307,2,low
U04319,2,low
U04182,2,low
U02555,2,low
U01167,2,low
U04514,2,low
U00094,2,low
U00379,2,low
U02422,2,low
U04074,2,low
U04692,2,low
U02937,2,low
U04198,2,low
U00989,2,low
U00837,2,low
U01114,2,low
U01376,2,low
U02523,2,low
U04128,2,low
U04541,2,low
U02460,2,low
U03676,2,low
U04772,2,low
U04769,2,low
U02190,2,low
U02953,2,low
U01454,2,low
U02397,2,low
U04404,2,low
