day,fraud_type,count
2026-09-01,new_device,11
2026-09-01,night,7
2026-09-01,round_amount,9
2026-09-01,velocity,12
2026-09-02,new_device,11
2026-09-02,night,12
2026-09-02,round_amount,8
2026-09-02,velocity,11
2026-09-03,new_device,10
2026-09-03,night,11
2026-09-03,round_amount,8
2026-09-03,velocity,5
2026-09-04,new_device,11
2026-09-04,night,11
2026-09-04,round_amount,12
2026-09-04,velocity,13
2026-09-05,new_device,10
2026-09-05,night,15
2026-09-05,round_amount,19
2026-09-05,velocity,10
2026-09-06,new_device,12
2026-09-06,night,10
2026-09-06,round_amount,13
2026-09-06,velocity,13
2026-09-07,new_device,9
2026-09-07,night,11
2026-09-07,round_amount,14
2026-09-07,velocity,10
2026-09-08,new_device,10
2026-09-08,night,16
2026-09-08,round_amount,12
2026-09-08,velocity,10
2026-09-09,new_device,15
2026-09-09,night,12
2026-09-09,round_amount,17
2026-09-09,velocity,9
2026-09-10,new_device,16
2026-09-10,night,12
2026-09-10,round_amount,16
2026-09-10,velocity,11
2026-09-11,new_device,13
2026-09-11,night,11
2026-09-11,round_amount,14
2026-09-11,velocity,12
2026-09-12,new_device,12
2026-09-12,night,15
2026-09-12,round_amount,14
2026-09-12,velocity,16
2026-09-13,new_device,16
2026-09-13,night,14
2026-09-13,round_amount,18
2026-09-13,velocity,16
2026-09-14,new_device,5
2026-09-14,night,13
2026-09-14,round_amount,12
2026-09-14,velocity,10
2026-09-15,new_device,15
2026-09-15,night,12
2026-09-15,round_amount,14
2026-09-15,velocity,8
2026-09-16,new_device,6
2026-09-16,night,13
2026-09-16,round_amount,11
2026-09-16,velocity,12
2026-09-17,new_device,11
2026-09-17,night,13
2026-09-17,round_amount,16
2026-09-17,velocity,16
2026-09-18,new_device,16
2026-09-18,night,13
2026-09-18,round_amount,10
2026-09-18,velocity,13
2026-09-19,new_device,7
2026-09-19,night,5
2026-09-19,round_amount,10
2026-09-19,velocity,7
2026-09-20,new_device,13
2026-09-20,night,8
2026-09-20,round_amount,14
2026-09-20,velocity,13
2026-09-21,new_device,10
2026-09-21,night,7
2026-09-21,round_amount,12
2026-09-21,velocity,14
2026-09-22,new_device,13
2026-09-22,night,13
2026-09-22,round_amount,14
2026-09-22,velocity,17
2026-09-23,new_device,14
2026-09-23,night,20
2026-09-23,round_amount,18
2026-09-23,velocity,12
2026-09-24,new_device,11
2026-09-24,night,11
2026-09-24,round_amount,19
2026-09-24,velocity,6
2026-09-25,new_device,162
2026-09-25,night,139
2026-09-25,round_amount,159
2026-09-25,velocity,171
2026-09-26,new_device,15
2026-09-26,night,9
2026-09-26,round_amount,14
2026-09-26,velocity,15
2026-09-27,new_device,15
2026-09-27,night,13
2026-09-27,round_amount,5
2026-09-27,velocity,17
2026-09-28,new_device,15
2026-09-28,night,10
2026-09-28,round_amount,10
2026-09-28,velocity,17
