merchant_id,merchant_cat,city,day,txn_count,total_amount
M000,kuliner,Jakarta,2026-09-01,81,3894027
M000,kuliner,Jakarta,2026-09-02,82,4373793
M000,kuliner,Jakarta,2026-09-03,85,6291612
M000,kuliner,Jakarta,2026-09-04,74,3859056
M000,kuliner,Jakarta,2026-09-05,81,3861658
M000,kuliner,Jakarta,2026-09-06,83,4765199
M000,kuliner,Jakarta,2026-09-07,99,5008974
M000,kuliner,Jakarta,2026-09-08,92,4989211
M000,kuliner,Jakarta,2026-09-09,87,4350154
M000,kuliner,Jakarta,2026-09-10,77,4309445
M000,kuliner,Jakarta,2026-09-11,80,5571478
M000,kuliner,Jakarta,2026-09-12,92,4794784
M000,kuliner,Jakarta,2026-09-13,96,6525998
M000,kuliner,Jakarta,2026-09-14,93,7042416
M000,kuliner,Jakarta,2026-09-15,71,7254212
M000,kuliner,Jakarta,2026-09-16,85,4243121
M000,kuliner,Jakarta,2026-09-17,95,4960722
M000,kuliner,Jakarta,2026-09-18,87,4619674
M000,kuliner,Jakarta,2026-09-19,69,3654264
M000,kuliner,Jakarta,2026-09-20,106,6679747
M000,kuliner,Jakarta,2026-09-21,84,4781932
M000,kuliner,Jakarta,2026-09-22,95,5081578
M000,kuliner,Jakarta,2026-09-23,89,4628194
M000,kuliner,Jakarta,2026-09-24,83,5015339
M000,kuliner,Jakarta,2026-09-25,1060,66080851
M000,kuliner,Jakarta,2026-09-26,85,4961966
M000,kuliner,Jakarta,2026-09-27,88,4341844
M000,kuliner,Jakarta,2026-09-28,84,4005573
M001,ritel,Surabaya,2026-09-01,83,3936415
M001,ritel,Surabaya,2026-09-02,81,3618220
M001,ritel,Surabaya,2026-09-03,86,4698183
M001,ritel,Surabaya,2026-09-04,86,4155661
M001,ritel,Surabaya,2026-09-05,66,4991457
M001,ritel,Surabaya,2026-09-06,87,4337690
M001,ritel,Surabaya,2026-09-07,84,3928536
M001,ritel,Surabaya,2026-09-08,93,5480428
M001,ritel,Surabaya,2026-09-09,75,3349570
M001,ritel,Surabaya,2026-09-10,75,3326838
M001,ritel,Surabaya,2026-09-11,73,4225923
M001,ritel,Surabaya,2026-09-12,72,4410258
M001,ritel,Surabaya,2026-09-13,86,6526116
M001,ritel,Surabaya,2026-09-14,92,3737351
M001,ritel,Surabaya,2026-09-15,91,5721791
M001,ritel,Surabaya,2026-09-16,94,4222062
M001,ritel,Surabaya,2026-09-17,95,5140738
M001,ritel,Surabaya,2026-09-18,90,4692691
M001,ritel,Surabaya,2026-09-19,67,3587908
M001,ritel,Surabaya,2026-09-20,89,5974772
M001,ritel,Surabaya,2026-09-21,75,3742146
M001,ritel,Surabaya,2026-09-22,96,7850144
M001,ritel,Surabaya,2026-09-23,84,3238209
M001,ritel,Surabaya,2026-09-24,95,6962014
M001,ritel,Surabaya,2026-09-25,1080,57053207
M001,ritel,Surabaya,2026-09-26,71,4908980
M001,ritel,Surabaya,2026-09-27,96,4832752
M001,ritel,Surabaya,2026-09-28,83,4511061
M002,transport,Bandung,2026-09-01,76,4579446
M002,transport,Bandung,2026-09-02,87,4602149
M002,transport,Bandung,2026-09-03,72,3381825
M002,transport,Bandung,2026-09-04,88,6172864
M002,transport,Bandung,2026-09-05,86,4488144
M002,transport,Bandung,2026-09-06,80,4117181
M002,transport,Bandung,2026-09-07,97,4008624
M002,transport,Bandung,2026-09-08,84,4226397
M002,transport,Bandung,2026-09-09,101,5006360
M002,transport,Bandung,2026-09-10,82,3938915
M002,transport,Bandung,2026-09-11,80,4281775
M002,transport,Bandung,2026-09-12,92,4987584
M002,transport,Bandung,2026-09-13,84,4846250
M002,transport,Bandung,2026-09-14,85,5211181
M002,transport,Bandung,2026-09-15,72,3884916
M002,transport,Bandung,2026-09-16,100,4941536
M002,transport,Bandung,2026-09-17,74,4227558
M002,transport,Bandung,2026-09-18,92,4260115
M002,transport,Bandung,2026-09-19,83,6629736
M002,transport,Bandung,2026-09-20,88,4685084
M002,transport,Bandung,2026-09-21,81,3844037
M002,transport,Bandung,2026-09-22,67,3267331
M002,transport,Bandung,2026-09-23,65,3597650
M002,transport,Bandung,2026-09-24,72,3810398
M002,transport,Bandung,2026-09-25,1111,65815759
M002,transport,Bandung,2026-09-26,84,6372965
M002,transport,Bandung,2026-09-27,84,3616366
M002,transport,Bandung,2026-09-28,84,4476654
M003,kuliner,Medan,2026-09-01,92,5508700
M003,kuliner,Medan,2026-09-02,69,3390450
M003,kuliner,Medan,2026-09-03,90,4186224
M003,kuliner,Medan,2026-09-04,89,4684532
M003,kuliner,Medan,2026-09-05,83,5772992
M003,kuliner,Medan,2026-09-06,91,4247601
M003,kuliner,Medan,2026-09-07,77,6048373
M003,kuliner,Medan,2026-09-08,83,4139489
M003,kuliner,Medan,2026-09-09,81,3405452
M003,kuliner,Medan,2026-09-10,65,3507864
M003,kuliner,Medan,2026-09-11,78,4050729
M003,kuliner,Medan,2026-09-12,82,4041331
M003,kuliner,Medan,2026-09-13,85,4070009
M003,kuliner,Medan,2026-09-14,84,4295530
M003,kuliner,Medan,2026-09-15,83,3499870
M003,kuliner,Medan,2026-09-16,75,3965420
M003,kuliner,Medan,2026-09-17,77,3665902
M003,kuliner,Medan,2026-09-18,78,4328127
M003,kuliner,Medan,2026-09-19,91,4593732
M003,kuliner,Medan,2026-09-20,94,6978481
M003,kuliner,Medan,2026-09-21,88,4334579
M003,kuliner,Medan,2026-09-22,81,3595368
M003,kuliner,Medan,2026-09-23,68,3962423
M003,kuliner,Medan,2026-09-24,80,4018726
M003,kuliner,Medan,2026-09-25,1061,58685759
M003,kuliner,Medan,2026-09-26,86,5034233
M003,kuliner,Medan,2026-09-27,84,4141968
M003,kuliner,Medan,2026-09-28,65,3204262
M004,ritel,Semarang,2026-09-01,78,3402970
M004,ritel,Semarang,2026-09-02,99,5217707
M004,ritel,Semarang,2026-09-03,84,4085598
M004,ritel,Semarang,2026-09-04,73,4880145
M004,ritel,Semarang,2026-09-05,93,5106042
M004,ritel,Semarang,2026-09-06,80,4151082
M004,ritel,Semarang,2026-09-07,87,4730348
M004,ritel,Semarang,2026-09-08,83,4772491
M004,ritel,Semarang,2026-09-09,92,6286321
M004,ritel,Semarang,2026-09-10,84,3608361
M004,ritel,Semarang,2026-09-11,74,3296446
M004,ritel,Semarang,2026-09-12,85,4733300
M004,ritel,Semarang,2026-09-13,75,3905372
M004,ritel,Semarang,2026-09-14,73,5531790
M004,ritel,Semarang,2026-09-15,77,4029481
M004,ritel,Semarang,2026-09-16,90,4617075
M004,ritel,Semarang,2026-09-17,90,5906725
M004,ritel,Semarang,2026-09-18,76,4153391
M004,ritel,Semarang,2026-09-19,75,3542653
M004,ritel,Semarang,2026-09-20,82,3742287
M004,ritel,Semarang,2026-09-21,93,4376771
M004,ritel,Semarang,2026-09-22,98,5572533
M004,ritel,Semarang,2026-09-23,72,2995364
M004,ritel,Semarang,2026-09-24,74,4114785
M004,ritel,Semarang,2026-09-25,1091,62061065
M004,ritel,Semarang,2026-09-26,85,4544905
M004,ritel,Semarang,2026-09-27,90,4831956
M004,ritel,Semarang,2026-09-28,77,4415428
M005,transport,Jakarta,2026-09-01,74,3897103
M005,transport,Jakarta,2026-09-02,71,3940162
M005,transport,Jakarta,2026-09-03,83,5020033
M005,transport,Jakarta,2026-09-04,98,4829122
M005,transport,Jakarta,2026-09-05,107,7068959
M005,transport,Jakarta,2026-09-06,101,5483975
M005,transport,Jakarta,2026-09-07,74,3047808
M005,transport,Jakarta,2026-09-08,86,3461496
M005,transport,Jakarta,2026-09-09,89,4809775
M005,transport,Jakarta,2026-09-10,77,4044746
M005,transport,Jakarta,2026-09-11,82,4999211
M005,transport,Jakarta,2026-09-12,78,3897234
M005,transport,Jakarta,2026-09-13,89,4168287
M005,transport,Jakarta,2026-09-14,75,3730461
M005,transport,Jakarta,2026-09-15,86,3894209
M005,transport,Jakarta,2026-09-16,94,5755875
M005,transport,Jakarta,2026-09-17,80,3535844
M005,transport,Jakarta,2026-09-18,84,5258503
M005,transport,Jakarta,2026-09-19,82,4396016
M005,transport,Jakarta,2026-09-20,80,6240797
M005,transport,Jakarta,2026-09-21,82,4049082
M005,transport,Jakarta,2026-09-22,93,5276522
M005,transport,Jakarta,2026-09-23,96,5491081
M005,transport,Jakarta,2026-09-24,76,3558215
M005,transport,Jakarta,2026-09-25,1112,61401103
M005,transport,Jakarta,2026-09-26,75,4243489
M005,transport,Jakarta,2026-09-27,80,4285794
M005,transport,Jakarta,2026-09-28,96,7020043
M006,kuliner,Surabaya,2026-09-01,93,7675154
M006,kuliner,Surabaya,2026-09-02,64,2844557
M006,kuliner,Surabaya,2026-09-03,85,4380324
M006,kuliner,Surabaya,2026-09-04,91,4349140
M006,kuliner,Surabaya,2026-09-05,89,4789417
M006,kuliner,Surabaya,2026-09-06,91,4451648
M006,kuliner,Surabaya,2026-09-07,90,5712756
M006,kuliner,Surabaya,2026-09-08,91,4314348
M006,kuliner,Surabaya,2026-09-09,87,5832174
M006,kuliner,Surabaya,2026-09-10,77,3099119
M006,kuliner,Surabaya,2026-09-11,64,3157793
M006,kuliner,Surabaya,2026-09-12,88,5777311
M006,kuliner,Surabaya,2026-09-13,84,3198135
M006,kuliner,Surabaya,2026-09-14,81,5288276
M006,kuliner,Surabaya,2026-09-15,88,4122759
M006,kuliner,Surabaya,2026-09-16,76,4838924
M006,kuliner,Surabaya,2026-09-17,74,3137179
M006,kuliner,Surabaya,2026-09-18,75,2722978
M006,kuliner,Surabaya,2026-09-19,110,5969504
M006,kuliner,Surabaya,2026-09-20,81,4504959
M006,kuliner,Surabaya,2026-09-21,78,6675154
M006,kuliner,Surabaya,2026-09-22,94,4299939
M006,kuliner,Surabaya,2026-09-23,69,5538976
M006,kuliner,Surabaya,2026-09-24,70,4755143
M006,kuliner,Surabaya,2026-09-25,1084,56405920
M006,kuliner,Surabaya,2026-09-26,75,4024970
M006,kuliner,Surabaya,2026-09-27,80,3992815
M006,kuliner,Surabaya,2026-09-28,72,3419255
M007,ritel,Bandung,2026-09-01,82,4567460
M007,ritel,Bandung,2026-09-02,83,5997281
M007,ritel,Bandung,2026-09-03,90,4634595
M007,ritel,Bandung,2026-09-04,98,4718487
M007,ritel,Bandung,2026-09-05,87,4360138
M007,ritel,Bandung,2026-09-06,89,4177837
M007,ritel,Bandung,2026-09-07,69,4061393
M007,ritel,Bandung,2026-09-08,91,4348112
M007,ritel,Bandung,2026-09-09,70,3745668
M007,ritel,Bandung,2026-09-10,88,3658399
M007,ritel,Bandung,2026-09-11,73,6090610
M007,ritel,Bandung,2026-09-12,78,5447456
M007,ritel,Bandung,2026-09-13,68,3668347
M007,ritel,Bandung,2026-09-14,80,5109355
M007,ritel,Bandung,2026-09-15,73,3501202
M007,ritel,Bandung,2026-09-16,86,3890420
M007,ritel,Bandung,2026-09-17,91,5552034
M007,ritel,Bandung,2026-09-18,82,4173059
M007,ritel,Bandung,2026-09-19,82,6196491
M007,ritel,Bandung,2026-09-20,79,3798764
M007,ritel,Bandung,2026-09-21,88,4526697
M007,ritel,Bandung,2026-09-22,88,4301788
M007,ritel,Bandung,2026-09-23,89,5683887
M007,ritel,Bandung,2026-09-24,76,3734819
M007,ritel,Bandung,2026-09-25,1091,61448216
M007,ritel,Bandung,2026-09-26,78,4256755
M007,ritel,Bandung,2026-09-27,88,4554040
M007,ritel,Bandung,2026-09-28,84,4053437
M008,transport,Medan,2026-09-01,95,4693912
M008,transport,Medan,2026-09-02,82,3995429
M008,transport,Medan,2026-09-03,81,4136610
M008,transport,Medan,2026-09-04,88,4569337
M008,transport,Medan,2026-09-05,98,5164775
M008,transport,Medan,2026-09-06,69,4909840
M008,transport,Medan,2026-09-07,70,3767654
M008,transport,Medan,2026-09-08,72,3639313
M008,transport,Medan,2026-09-09,84,4193610
M008,transport,Medan,2026-09-10,88,3963041
M008,transport,Medan,2026-09-11,75,4350525
M008,transport,Medan,2026-09-12,81,4363415
M008,transport,Medan,2026-09-13,92,4766280
M008,transport,Medan,2026-09-14,68,3091202
M008,transport,Medan,2026-09-15,103,7730077
M008,transport,Medan,2026-09-16,77,4697682
M008,transport,Medan,2026-09-17,77,3443926
M008,transport,Medan,2026-09-18,85,5637340
M008,transport,Medan,2026-09-19,81,3566144
M008,transport,Medan,2026-09-20,82,5125763
M008,transport,Medan,2026-09-21,79,4799807
M008,transport,Medan,2026-09-22,82,4686689
M008,transport,Medan,2026-09-23,78,4765238
M008,transport,Medan,2026-09-24,92,6846967
M008,transport,Medan,2026-09-25,1071,57985764
M008,transport,Medan,2026-09-26,78,4294998
M008,transport,Medan,2026-09-27,95,5179573
M008,transport,Medan,2026-09-28,95,4992312
M009,kuliner,Semarang,2026-09-01,91,4872937
M009,kuliner,Semarang,2026-09-02,76,3809440
M009,kuliner,Semarang,2026-09-03,82,4403757
M009,kuliner,Semarang,2026-09-04,82,4592788
M009,kuliner,Semarang,2026-09-05,84,5216241
M009,kuliner,Semarang,2026-09-06,86,4438586
M009,kuliner,Semarang,2026-09-07,80,5435937
M009,kuliner,Semarang,2026-09-08,76,3647701
M009,kuliner,Semarang,2026-09-09,96,7102222
M009,kuliner,Semarang,2026-09-10,111,7360870
M009,kuliner,Semarang,2026-09-11,83,5633072
M009,kuliner,Semarang,2026-09-12,90,4825641
M009,kuliner,Semarang,2026-09-13,89,7972351
M009,kuliner,Semarang,2026-09-14,76,4015777
M009,kuliner,Semarang,2026-09-15,91,4468352
M009,kuliner,Semarang,2026-09-16,90,5613397
M009,kuliner,Semarang,2026-09-17,95,7110636
M009,kuliner,Semarang,2026-09-18,87,6580184
M009,kuliner,Semarang,2026-09-19,84,4557885
M009,kuliner,Semarang,2026-09-20,93,6335898
M009,kuliner,Semarang,2026-09-21,87,4492182
M009,kuliner,Semarang,2026-09-22,86,6022894
M009,kuliner,Semarang,2026-09-23,89,6680735
M009,kuliner,Semarang,2026-09-24,87,4571164
M009,kuliner,Semarang,2026-09-25,1031,59339892
M009,kuliner,Semarang,2026-09-26,90,5122755
M009,kuliner,Semarang,2026-09-27,82,3680095
M009,kuliner,Semarang,2026-09-28,74,5223238
M010,ritel,Jakarta,2026-09-01,105,5170915
M010,ritel,Jakarta,2026-09-02,66,3093329
M010,ritel,Jakarta,2026-09-03,77,3384764
M010,ritel,Jakarta,2026-09-04,83,5927463
M010,ritel,Jakarta,2026-09-05,61,2794183
M010,ritel,Jakarta,2026-09-06,93,5905799
M010,ritel,Jakarta,2026-09-07,85,6099978
M010,ritel,Jakarta,2026-09-08,89,5296259
M010,ritel,Jakarta,2026-09-09,95,10729301
M010,ritel,Jakarta,2026-09-10,80,4632300
M010,ritel,Jakarta,2026-09-11,86,4419812
M010,ritel,Jakarta,2026-09-12,112,5974725
M010,ritel,Jakarta,2026-09-13,87,5049923
M010,ritel,Jakarta,2026-09-14,74,3275247
M010,ritel,Jakarta,2026-09-15,83,4710775
M010,ritel,Jakarta,2026-09-16,79,3892660
M010,ritel,Jakarta,2026-09-17,90,5692536
M010,ritel,Jakarta,2026-09-18,79,4928442
M010,ritel,Jakarta,2026-09-19,85,4208056
M010,ritel,Jakarta,2026-09-20,90,5723377
M010,ritel,Jakarta,2026-09-21,88,5690506
M010,ritel,Jakarta,2026-09-22,76,3835577
M010,ritel,Jakarta,2026-09-23,99,6670207
M010,ritel,Jakarta,2026-09-24,76,5201823
M010,ritel,Jakarta,2026-09-25,1041,52572672
M010,ritel,Jakarta,2026-09-26,88,4639637
M010,ritel,Jakarta,2026-09-27,91,4429852
M010,ritel,Jakarta,2026-09-28,91,5057198
M011,transport,Surabaya,2026-09-01,77,3614368
M011,transport,Surabaya,2026-09-02,81,3503386
M011,transport,Surabaya,2026-09-03,85,3944242
M011,transport,Surabaya,2026-09-04,92,3897536
M011,transport,Surabaya,2026-09-05,100,4497515
M011,transport,Surabaya,2026-09-06,89,4932098
M011,transport,Surabaya,2026-09-07,77,3478942
M011,transport,Surabaya,2026-09-08,66,4082593
M011,transport,Surabaya,2026-09-09,91,4306634
M011,transport,Surabaya,2026-09-10,86,5003485
M011,transport,Surabaya,2026-09-11,94,6247565
M011,transport,Surabaya,2026-09-12,90,6195757
M011,transport,Surabaya,2026-09-13,83,3940364
M011,transport,Surabaya,2026-09-14,84,4344211
M011,transport,Surabaya,2026-09-15,77,3919096
M011,transport,Surabaya,2026-09-16,75,2945145
M011,transport,Surabaya,2026-09-17,83,4539850
M011,transport,Surabaya,2026-09-18,82,4395709
M011,transport,Surabaya,2026-09-19,72,3559186
M011,transport,Surabaya,2026-09-20,76,3737204
M011,transport,Surabaya,2026-09-21,93,4999529
M011,transport,Surabaya,2026-09-22,81,4335330
M011,transport,Surabaya,2026-09-23,84,4428299
M011,transport,Surabaya,2026-09-24,91,4363706
M011,transport,Surabaya,2026-09-25,1104,54261504
M011,transport,Surabaya,2026-09-26,97,6263129
M011,transport,Surabaya,2026-09-27,88,4179209
M011,transport,Surabaya,2026-09-28,93,4340119
M012,kuliner,Bandung,2026-09-01,79,3885936
M012,kuliner,Bandung,2026-09-02,75,2788723
M012,kuliner,Bandung,2026-09-03,78,3963532
M012,kuliner,Bandung,2026-09-04,75,3304353
M012,kuliner,Bandung,2026-09-05,77,3568086
M012,kuliner,Bandung,2026-09-06,67,4124955
M012,kuliner,Bandung,2026-09-07,88,4954102
M012,kuliner,Bandung,2026-09-08,93,5893114
M012,kuliner,Bandung,2026-09-09,78,4067849
M012,kuliner,Bandung,2026-09-10,76,6760555
M012,kuliner,Bandung,2026-09-11,78,6064357
M012,kuliner,Bandung,2026-09-12,91,6623855
M012,kuliner,Bandung,2026-09-13,68,3920305
M012,kuliner,Bandung,2026-09-14,80,4506423
M012,kuliner,Bandung,2026-09-15,79,5961276
M012,kuliner,Bandung,2026-09-16,93,4820099
M012,kuliner,Bandung,2026-09-17,79,3717040
M012,kuliner,Bandung,2026-09-18,81,4792656
M012,kuliner,Bandung,2026-09-19,91,5102631
M012,kuliner,Bandung,2026-09-20,75,3499741
M012,kuliner,Bandung,2026-09-21,91,5613132
M012,kuliner,Bandung,2026-09-22,78,4284894
M012,kuliner,Bandung,2026-09-23,89,6140759
M012,kuliner,Bandung,2026-09-24,70,5419084
M012,kuliner,Bandung,2026-09-25,1073,59963266
M012,kuliner,Bandung,2026-09-26,86,4711610
M012,kuliner,Bandung,2026-09-27,68,3335738
M012,kuliner,Bandung,2026-09-28,70,3368058
M013,ritel,Medan,2026-09-01,77,3181346
M013,ritel,Medan,2026-09-02,85,5032262
M013,ritel,Medan,2026-09-03,77,3447298
M013,ritel,Medan,2026-09-04,81,4509945
M013,ritel,Medan,2026-09-05,91,4621654
M013,ritel,Medan,2026-09-06,73,3293596
M013,ritel,Medan,2026-09-07,98,4766057
M013,ritel,Medan,2026-09-08,84,6363949
M013,ritel,Medan,2026-09-09,95,4860496
M013,ritel,Medan,2026-09-10,81,4068484
M013,ritel,Medan,2026-09-11,64,2746071
M013,ritel,Medan,2026-09-12,77,4711106
M013,ritel,Medan,2026-09-13,88,6067779
M013,ritel,Medan,2026-09-14,91,5674247
M013,ritel,Medan,2026-09-15,72,4096492
M013,ritel,Medan,2026-09-16,66,3565985
M013,ritel,Medan,2026-09-17,81,4166071
M013,ritel,Medan,2026-09-18,83,4035476
M013,ritel,Medan,2026-09-19,78,3784083
M013,ritel,Medan,2026-09-20,71,3024837
M013,ritel,Medan,2026-09-21,85,4772661
M013,ritel,Medan,2026-09-22,77,4421952
M013,ritel,Medan,2026-09-23,80,4232845
M013,ritel,Medan,2026-09-24,73,5117647
M013,ritel,Medan,2026-09-25,1045,52684997
M013,ritel,Medan,2026-09-26,87,4261900
M013,ritel,Medan,2026-09-27,96,5468231
M013,ritel,Medan,2026-09-28,71,3473979
M014,transport,Semarang,2026-09-01,84,5949885
M014,transport,Semarang,2026-09-02,72,3727329
M014,transport,Semarang,2026-09-03,99,4481815
M014,transport,Semarang,2026-09-04,89,5098304
M014,transport,Semarang,2026-09-05,87,7198419
M014,transport,Semarang,2026-09-06,92,4385388
M014,transport,Semarang,2026-09-07,87,3413261
M014,transport,Semarang,2026-09-08,92,5694741
M014,transport,Semarang,2026-09-09,85,6562683
M014,transport,Semarang,2026-09-10,72,4153072
M014,transport,Semarang,2026-09-11,83,4026836
M014,transport,Semarang,2026-09-12,88,4249756
M014,transport,Semarang,2026-09-13,87,3538590
M014,transport,Semarang,2026-09-14,81,3888922
M014,transport,Semarang,2026-09-15,79,5508876
M014,transport,Semarang,2026-09-16,81,3377415
M014,transport,Semarang,2026-09-17,83,4721546
M014,transport,Semarang,2026-09-18,81,3681847
M014,transport,Semarang,2026-09-19,84,4092401
M014,transport,Semarang,2026-09-20,76,3986448
M014,transport,Semarang,2026-09-21,79,4277846
M014,transport,Semarang,2026-09-22,91,4645975
M014,transport,Semarang,2026-09-23,93,5708779
M014,transport,Semarang,2026-09-24,91,5205551
M014,transport,Semarang,2026-09-25,1068,58865452
M014,transport,Semarang,2026-09-26,72,3370232
M014,transport,Semarang,2026-09-27,70,3130785
M014,transport,Semarang,2026-09-28,82,4396558
M015,kuliner,Jakarta,2026-09-01,82,4480646
M015,kuliner,Jakarta,2026-09-02,85,4880800
M015,kuliner,Jakarta,2026-09-03,85,4236328
M015,kuliner,Jakarta,2026-09-04,95,4225254
M015,kuliner,Jakarta,2026-09-05,79,3811487
M015,kuliner,Jakarta,2026-09-06,78,5506073
M015,kuliner,Jakarta,2026-09-07,74,4108791
M015,kuliner,Jakarta,2026-09-08,83,3801521
M015,kuliner,Jakarta,2026-09-09,76,4140663
M015,kuliner,Jakarta,2026-09-10,66,5322520
M015,kuliner,Jakarta,2026-09-11,98,4557106
M015,kuliner,Jakarta,2026-09-12,88,4378003
M015,kuliner,Jakarta,2026-09-13,86,4718464
M015,kuliner,Jakarta,2026-09-14,77,3798275
M015,kuliner,Jakarta,2026-09-15,85,3698282
M015,kuliner,Jakarta,2026-09-16,73,2993942
M015,kuliner,Jakarta,2026-09-17,81,3932376
M015,kuliner,Jakarta,2026-09-18,78,4481374
M015,kuliner,Jakarta,2026-09-19,104,5078316
M015,kuliner,Jakarta,2026-09-20,103,4997010
M015,kuliner,Jakarta,2026-09-21,82,5754830
M015,kuliner,Jakarta,2026-09-22,89,4311948
M015,kuliner,Jakarta,2026-09-23,85,3985496
M015,kuliner,Jakarta,2026-09-24,86,3913564
M015,kuliner,Jakarta,2026-09-25,1076,60280725
M015,kuliner,Jakarta,2026-09-26,89,4258441
M015,kuliner,Jakarta,2026-09-27,83,4051743
M015,kuliner,Jakarta,2026-09-28,72,4701536
M016,ritel,Surabaya,2026-09-01,83,5613505
M016,ritel,Surabaya,2026-09-02,78,4116801
M016,ritel,Surabaya,2026-09-03,70,4665696
M016,ritel,Surabaya,2026-09-04,94,5095957
M016,ritel,Surabaya,2026-09-05,80,8092532
M016,ritel,Surabaya,2026-09-06,97,4780957
M016,ritel,Surabaya,2026-09-07,83,4348335
M016,ritel,Surabaya,2026-09-08,95,4564837
M016,ritel,Surabaya,2026-09-09,88,3787233
M016,ritel,Surabaya,2026-09-10,82,4348412
M016,ritel,Surabaya,2026-09-11,86,3985489
M016,ritel,Surabaya,2026-09-12,71,3671586
M016,ritel,Surabaya,2026-09-13,73,4055747
M016,ritel,Surabaya,2026-09-14,92,5814277
M016,ritel,Surabaya,2026-09-15,104,5221663
M016,ritel,Surabaya,2026-09-16,82,3975998
M016,ritel,Surabaya,2026-09-17,73,4417415
M016,ritel,Surabaya,2026-09-18,87,5886536
M016,ritel,Surabaya,2026-09-19,79,4505655
M016,ritel,Surabaya,2026-09-20,85,4352373
M016,ritel,Surabaya,2026-09-21,105,5629833
M016,ritel,Surabaya,2026-09-22,66,3321146
M016,ritel,Surabaya,2026-09-23,94,4438926
M016,ritel,Surabaya,2026-09-24,84,3782068
M016,ritel,Surabaya,2026-09-25,1075,58849822
M016,ritel,Surabaya,2026-09-26,75,5207132
M016,ritel,Surabaya,2026-09-27,74,3862485
M016,ritel,Surabaya,2026-09-28,76,6292604
M017,transport,Bandung,2026-09-01,88,4238056
M017,transport,Bandung,2026-09-02,93,5073342
M017,transport,Bandung,2026-09-03,94,4961008
M017,transport,Bandung,2026-09-04,68,2927805
M017,transport,Bandung,2026-09-05,80,4552628
M017,transport,Bandung,2026-09-06,80,3997268
M017,transport,Bandung,2026-09-07,91,4274550
M017,transport,Bandung,2026-09-08,91,3999236
M017,transport,Bandung,2026-09-09,92,5549205
M017,transport,Bandung,2026-09-10,82,3462360
M017,transport,Bandung,2026-09-11,81,5377655
M017,transport,Bandung,2026-09-12,69,3941916
M017,transport,Bandung,2026-09-13,81,8267484
M017,transport,Bandung,2026-09-14,86,4282258
M017,transport,Bandung,2026-09-15,94,4515814
M017,transport,Bandung,2026-09-16,90,4380240
M017,transport,Bandung,2026-09-17,100,5889560
M017,transport,Bandung,2026-09-18,84,3956356
M017,transport,Bandung,2026-09-19,78,3789572
M017,transport,Bandung,2026-09-20,76,5472948
M017,transport,Bandung,2026-09-21,74,3711237
M017,transport,Bandung,2026-09-22,91,4416928
M017,transport,Bandung,2026-09-23,96,6373442
M017,transport,Bandung,2026-09-24,90,6790871
M017,transport,Bandung,2026-09-25,1095,64821682
M017,transport,Bandung,2026-09-26,71,3340230
M017,transport,Bandung,2026-09-27,83,4387538
M017,transport,Bandung,2026-09-28,98,4888351
M018,kuliner,Medan,2026-09-01,78,3589425
M018,kuliner,Medan,2026-09-02,98,6080371
M018,kuliner,Medan,2026-09-03,80,6765894
M018,kuliner,Medan,2026-09-04,82,5736050
M018,kuliner,Medan,2026-09-05,71,3683601
M018,kuliner,Medan,2026-09-06,92,6402434
M018,kuliner,Medan,2026-09-07,84,4717877
M018,kuliner,Medan,2026-09-08,64,3781924
M018,kuliner,Medan,2026-09-09,83,4486717
M018,kuliner,Medan,2026-09-10,85,6380703
M018,kuliner,Medan,2026-09-11,87,6006600
M018,kuliner,Medan,2026-09-12,84,6986907
M018,kuliner,Medan,2026-09-13,80,3755508
M018,kuliner,Medan,2026-09-14,76,4455356
M018,kuliner,Medan,2026-09-15,83,3859818
M018,kuliner,Medan,2026-09-16,93,5230690
M018,kuliner,Medan,2026-09-17,95,4188824
M018,kuliner,Medan,2026-09-18,83,4400204
M018,kuliner,Medan,2026-09-19,90,6770573
M018,kuliner,Medan,2026-09-20,96,4180375
M018,kuliner,Medan,2026-09-21,69,4171308
M018,kuliner,Medan,2026-09-22,82,4276013
M018,kuliner,Medan,2026-09-23,88,5623898
M018,kuliner,Medan,2026-09-24,88,4707906
M018,kuliner,Medan,2026-09-25,1022,62311686
M018,kuliner,Medan,2026-09-26,73,3902560
M018,kuliner,Medan,2026-09-27,86,4565642
M018,kuliner,Medan,2026-09-28,79,4533607
M019,ritel,Semarang,2026-09-01,75,4176414
M019,ritel,Semarang,2026-09-02,65,3009063
M019,ritel,Semarang,2026-09-03,91,4504340
M019,ritel,Semarang,2026-09-04,96,4229725
M019,ritel,Semarang,2026-09-05,86,6129417
M019,ritel,Semarang,2026-09-06,95,4537413
M019,ritel,Semarang,2026-09-07,72,3121632
M019,ritel,Semarang,2026-09-08,85,3717912
M019,ritel,Semarang,2026-09-09,85,3927381
M019,ritel,Semarang,2026-09-10,76,4514394
M019,ritel,Semarang,2026-09-11,83,4668259
M019,ritel,Semarang,2026-09-12,95,4396373
M019,ritel,Semarang,2026-09-13,72,3434505
M019,ritel,Semarang,2026-09-14,72,5425610
M019,ritel,Semarang,2026-09-15,69,3726216
M019,ritel,Semarang,2026-09-16,69,7165330
M019,ritel,Semarang,2026-09-17,90,5714752
M019,ritel,Semarang,2026-09-18,94,5318624
M019,ritel,Semarang,2026-09-19,79,3766655
M019,ritel,Semarang,2026-09-20,94,3992400
M019,ritel,Semarang,2026-09-21,82,4817734
M019,ritel,Semarang,2026-09-22,94,4195146
M019,ritel,Semarang,2026-09-23,71,3223224
M019,ritel,Semarang,2026-09-24,72,5890907
M019,ritel,Semarang,2026-09-25,1038,59761368
M019,ritel,Semarang,2026-09-26,95,5716552
M019,ritel,Semarang,2026-09-27,81,4886264
M019,ritel,Semarang,2026-09-28,85,4401692
M020,transport,Jakarta,2026-09-01,74,3858967
M020,transport,Jakarta,2026-09-02,96,4770496
M020,transport,Jakarta,2026-09-03,86,4086990
M020,transport,Jakarta,2026-09-04,83,6403259
M020,transport,Jakarta,2026-09-05,92,6251549
M020,transport,Jakarta,2026-09-06,99,5111692
M020,transport,Jakarta,2026-09-07,86,3971488
M020,transport,Jakarta,2026-09-08,83,3724424
M020,transport,Jakarta,2026-09-09,80,5742353
M020,transport,Jakarta,2026-09-10,89,10468197
M020,transport,Jakarta,2026-09-11,89,4989318
M020,transport,Jakarta,2026-09-12,76,4551202
M020,transport,Jakarta,2026-09-13,83,3724755
M020,transport,Jakarta,2026-09-14,80,4225231
M020,transport,Jakarta,2026-09-15,92,4925629
M020,transport,Jakarta,2026-09-16,89,3893635
M020,transport,Jakarta,2026-09-17,95,5697322
M020,transport,Jakarta,2026-09-18,81,4450420
M020,transport,Jakarta,2026-09-19,77,3897639
M020,transport,Jakarta,2026-09-20,78,4519013
M020,transport,Jakarta,2026-09-21,89,4714700
M020,transport,Jakarta,2026-09-22,92,6717500
M020,transport,Jakarta,2026-09-23,72,2766209
M020,transport,Jakarta,2026-09-24,95,5703132
M020,transport,Jakarta,2026-09-25,1078,56102019
M020,transport,Jakarta,2026-09-26,96,7637438
M020,transport,Jakarta,2026-09-27,85,5204013
M020,transport,Jakarta,2026-09-28,77,3341665
M021,kuliner,Surabaya,2026-09-01,92,4250388
M021,kuliner,Surabaya,2026-09-02,75,3936981
M021,kuliner,Surabaya,2026-09-03,68,3951378
M021,kuliner,Surabaya,2026-09-04,96,5140234
M021,kuliner,Surabaya,2026-09-05,97,7471067
M021,kuliner,Surabaya,2026-09-06,83,4462854
M021,kuliner,Surabaya,2026-09-07,91,4450684
M021,kuliner,Surabaya,2026-09-08,68,3427638
M021,kuliner,Surabaya,2026-09-09,73,3629397
M021,kuliner,Surabaya,2026-09-10,83,3471783
M021,kuliner,Surabaya,2026-09-11,94,4813793
M021,kuliner,Surabaya,2026-09-12,90,5192995
M021,kuliner,Surabaya,2026-09-13,71,5369574
M021,kuliner,Surabaya,2026-09-14,86,3996259
M021,kuliner,Surabaya,2026-09-15,89,4829831
M021,kuliner,Surabaya,2026-09-16,85,5586707
M021,kuliner,Surabaya,2026-09-17,70,3972742
M021,kuliner,Surabaya,2026-09-18,83,4847790
M021,kuliner,Surabaya,2026-09-19,78,5962844
M021,kuliner,Surabaya,2026-09-20,83,4377469
M021,kuliner,Surabaya,2026-09-21,95,4458233
M021,kuliner,Surabaya,2026-09-22,88,4848364
M021,kuliner,Surabaya,2026-09-23,83,5363581
M021,kuliner,Surabaya,2026-09-24,88,4920180
M021,kuliner,Surabaya,2026-09-25,1115,66433695
M021,kuliner,Surabaya,2026-09-26,92,5837795
M021,kuliner,Surabaya,2026-09-27,82,4251249
M021,kuliner,Surabaya,2026-09-28,87,4515991
M022,ritel,Bandung,2026-09-01,78,3460111
M022,ritel,Bandung,2026-09-02,83,4801140
M022,ritel,Bandung,2026-09-03,59,3059284
M022,ritel,Bandung,2026-09-04,91,4469319
M022,ritel,Bandung,2026-09-05,91,7139064
M022,ritel,Bandung,2026-09-06,92,5131847
M022,ritel,Bandung,2026-09-07,88,3804295
M022,ritel,Bandung,2026-09-08,85,6046642
M022,ritel,Bandung,2026-09-09,89,5199146
M022,ritel,Bandung,2026-09-10,97,5618357
M022,ritel,Bandung,2026-09-11,96,5591467
M022,ritel,Bandung,2026-09-12,94,4699453
M022,ritel,Bandung,2026-09-13,91,5049125
M022,ritel,Bandung,2026-09-14,88,3826535
M022,ritel,Bandung,2026-09-15,84,5026447
M022,ritel,Bandung,2026-09-16,78,3615782
M022,ritel,Bandung,2026-09-17,92,6956292
M022,ritel,Bandung,2026-09-18,61,4442114
M022,ritel,Bandung,2026-09-19,77,3236544
M022,ritel,Bandung,2026-09-20,86,5465258
M022,ritel,Bandung,2026-09-21,78,4803072
M022,ritel,Bandung,2026-09-22,103,5160923
M022,ritel,Bandung,2026-09-23,90,6845985
M022,ritel,Bandung,2026-09-24,85,4018343
M022,ritel,Bandung,2026-09-25,1061,54295075
M022,ritel,Bandung,2026-09-26,103,4619956
M022,ritel,Bandung,2026-09-27,88,5128236
M022,ritel,Bandung,2026-09-28,66,3181535
M023,transport,Medan,2026-09-01,77,3439586
M023,transport,Medan,2026-09-02,81,4225387
M023,transport,Medan,2026-09-03,94,4749506
M023,transport,Medan,2026-09-04,90,6307042
M023,transport,Medan,2026-09-05,83,4675736
M023,transport,Medan,2026-09-06,81,4096556
M023,transport,Medan,2026-09-07,96,5355742
M023,transport,Medan,2026-09-08,74,4262040
M023,transport,Medan,2026-09-09,72,6130123
M023,transport,Medan,2026-09-10,87,4373550
M023,transport,Medan,2026-09-11,77,3246053
M023,transport,Medan,2026-09-12,82,3931477
M023,transport,Medan,2026-09-13,92,6895750
M023,transport,Medan,2026-09-14,73,3376915
M023,transport,Medan,2026-09-15,88,4125442
M023,transport,Medan,2026-09-16,80,5452833
M023,transport,Medan,2026-09-17,84,6350454
M023,transport,Medan,2026-09-18,94,5447485
M023,transport,Medan,2026-09-19,99,4800144
M023,transport,Medan,2026-09-20,98,4909039
M023,transport,Medan,2026-09-21,88,4460381
M023,transport,Medan,2026-09-22,86,7818928
M023,transport,Medan,2026-09-23,91,4297458
M023,transport,Medan,2026-09-24,80,4264028
M023,transport,Medan,2026-09-25,1113,56045973
M023,transport,Medan,2026-09-26,94,5748149
M023,transport,Medan,2026-09-27,85,4144261
M023,transport,Medan,2026-09-28,71,4020680
M024,kuliner,Semarang,2026-09-01,90,4184157
M024,kuliner,Semarang,2026-09-02,86,3893482
M024,kuliner,Semarang,2026-09-03,86,3801756
M024,kuliner,Semarang,2026-09-04,97,4872590
M024,kuliner,Semarang,2026-09-05,83,3769458
M024,kuliner,Semarang,2026-09-06,85,3924163
M024,kuliner,Semarang,2026-09-07,86,3872119
M024,kuliner,Semarang,2026-09-08,95,7646489
M024,kuliner,Semarang,2026-09-09,74,4269286
M024,kuliner,Semarang,2026-09-10,91,4828858
M024,kuliner,Semarang,2026-09-11,84,5945960
M024,kuliner,Semarang,2026-09-12,97,5618391
M024,kuliner,Semarang,2026-09-13,86,3879120
M024,kuliner,Semarang,2026-09-14,76,3693777
M024,kuliner,Semarang,2026-09-15,91,4501784
M024,kuliner,Semarang,2026-09-16,90,4551693
M024,kuliner,Semarang,2026-09-17,80,4532494
M024,kuliner,Semarang,2026-09-18,80,5157197
M024,kuliner,Semarang,2026-09-19,83,4514192
M024,kuliner,Semarang,2026-09-20,72,4359902
M024,kuliner,Semarang,2026-09-21,89,4675510
M024,kuliner,Semarang,2026-09-22,79,3725045
M024,kuliner,Semarang,2026-09-23,83,4760524
M024,kuliner,Semarang,2026-09-24,89,4826100
M024,kuliner,Semarang,2026-09-25,1106,60824952
M024,kuliner,Semarang,2026-09-26,88,4330969
M024,kuliner,Semarang,2026-09-27,85,5842940
M024,kuliner,Semarang,2026-09-28,83,4272456
M025,ritel,Jakarta,2026-09-01,85,4440596
M025,ritel,Jakarta,2026-09-02,86,4351582
M025,ritel,Jakarta,2026-09-03,99,4774718
M025,ritel,Jakarta,2026-09-04,74,3544897
M025,ritel,Jakarta,2026-09-05,89,6477997
M025,ritel,Jakarta,2026-09-06,75,3554559
M025,ritel,Jakarta,2026-09-07,84,4518086
M025,ritel,Jakarta,2026-09-08,99,4073093
M025,ritel,Jakarta,2026-09-09,89,5216360
M025,ritel,Jakarta,2026-09-10,94,5774518
M025,ritel,Jakarta,2026-09-11,71,3437401
M025,ritel,Jakarta,2026-09-12,84,4390431
M025,ritel,Jakarta,2026-09-13,96,5580882
M025,ritel,Jakarta,2026-09-14,86,4276991
M025,ritel,Jakarta,2026-09-15,80,4190451
M025,ritel,Jakarta,2026-09-16,89,4536173
M025,ritel,Jakarta,2026-09-17,64,4073045
M025,ritel,Jakarta,2026-09-18,71,3489889
M025,ritel,Jakarta,2026-09-19,83,4712555
M025,ritel,Jakarta,2026-09-20,86,4656396
M025,ritel,Jakarta,2026-09-21,71,4478239
M025,ritel,Jakarta,2026-09-22,86,4634576
M025,ritel,Jakarta,2026-09-23,86,3963754
M025,ritel,Jakarta,2026-09-24,77,3232308
M025,ritel,Jakarta,2026-09-25,1046,61665456
M025,ritel,Jakarta,2026-09-26,88,4569202
M025,ritel,Jakarta,2026-09-27,95,4512447
M025,ritel,Jakarta,2026-09-28,76,4916587
M026,transport,Surabaya,2026-09-01,87,4316282
M026,transport,Surabaya,2026-09-02,72,4413262
M026,transport,Surabaya,2026-09-03,84,6861301
M026,transport,Surabaya,2026-09-04,78,4659416
M026,transport,Surabaya,2026-09-05,72,5831842
M026,transport,Surabaya,2026-09-06,81,2994665
M026,transport,Surabaya,2026-09-07,67,3687989
M026,transport,Surabaya,2026-09-08,81,3295868
M026,transport,Surabaya,2026-09-09,106,4660465
M026,transport,Surabaya,2026-09-10,77,4731529
M026,transport,Surabaya,2026-09-11,85,4382911
M026,transport,Surabaya,2026-09-12,81,8015415
M026,transport,Surabaya,2026-09-13,81,4679643
M026,transport,Surabaya,2026-09-14,74,3680142
M026,transport,Surabaya,2026-09-15,82,6976946
M026,transport,Surabaya,2026-09-16,98,4100213
M026,transport,Surabaya,2026-09-17,62,5248883
M026,transport,Surabaya,2026-09-18,99,5218177
M026,transport,Surabaya,2026-09-19,88,4966912
M026,transport,Surabaya,2026-09-20,84,4379748
M026,transport,Surabaya,2026-09-21,70,5494704
M026,transport,Surabaya,2026-09-22,84,3811282
M026,transport,Surabaya,2026-09-23,91,4687151
M026,transport,Surabaya,2026-09-24,85,5705846
M026,transport,Surabaya,2026-09-25,1054,55553403
M026,transport,Surabaya,2026-09-26,77,4815256
M026,transport,Surabaya,2026-09-27,90,7679031
M026,transport,Surabaya,2026-09-28,94,6480000
M027,kuliner,Bandung,2026-09-01,80,4195259
M027,kuliner,Bandung,2026-09-02,93,5321032
M027,kuliner,Bandung,2026-09-03,77,4946445
M027,kuliner,Bandung,2026-09-04,91,4347722
M027,kuliner,Bandung,2026-09-05,90,5001982
M027,kuliner,Bandung,2026-09-06,73,4915082
M027,kuliner,Bandung,2026-09-07,80,4521352
M027,kuliner,Bandung,2026-09-08,76,5955292
M027,kuliner,Bandung,2026-09-09,86,4022772
M027,kuliner,Bandung,2026-09-10,87,4519728
M027,kuliner,Bandung,2026-09-11,78,4734545
M027,kuliner,Bandung,2026-09-12,88,4785464
M027,kuliner,Bandung,2026-09-13,86,5960070
M027,kuliner,Bandung,2026-09-14,74,3457650
M027,kuliner,Bandung,2026-09-15,81,4475544
M027,kuliner,Bandung,2026-09-16,91,4678682
M027,kuliner,Bandung,2026-09-17,76,3627872
M027,kuliner,Bandung,2026-09-18,84,4345656
M027,kuliner,Bandung,2026-09-19,64,3522547
M027,kuliner,Bandung,2026-09-20,83,3743703
M027,kuliner,Bandung,2026-09-21,88,5085390
M027,kuliner,Bandung,2026-09-22,93,6455719
M027,kuliner,Bandung,2026-09-23,80,3786947
M027,kuliner,Bandung,2026-09-24,104,5876591
M027,kuliner,Bandung,2026-09-25,1070,62861195
M027,kuliner,Bandung,2026-09-26,83,4445868
M027,kuliner,Bandung,2026-09-27,77,4916822
M027,kuliner,Bandung,2026-09-28,87,4449372
M028,ritel,Medan,2026-09-01,82,3960114
M028,ritel,Medan,2026-09-02,74,3287500
M028,ritel,Medan,2026-09-03,83,4297408
M028,ritel,Medan,2026-09-04,101,7555715
M028,ritel,Medan,2026-09-05,103,4902922
M028,ritel,Medan,2026-09-06,79,5418787
M028,ritel,Medan,2026-09-07,76,4338299
M028,ritel,Medan,2026-09-08,72,4684667
M028,ritel,Medan,2026-09-09,73,4083562
M028,ritel,Medan,2026-09-10,83,4673140
M028,ritel,Medan,2026-09-11,86,6097255
M028,ritel,Medan,2026-09-12,83,3797771
M028,ritel,Medan,2026-09-13,97,6043696
M028,ritel,Medan,2026-09-14,80,5650205
M028,ritel,Medan,2026-09-15,81,4037484
M028,ritel,Medan,2026-09-16,88,4270298
M028,ritel,Medan,2026-09-17,84,4417050
M028,ritel,Medan,2026-09-18,81,4455997
M028,ritel,Medan,2026-09-19,84,5562470
M028,ritel,Medan,2026-09-20,83,5161365
M028,ritel,Medan,2026-09-21,72,3657835
M028,ritel,Medan,2026-09-22,95,4652385
M028,ritel,Medan,2026-09-23,89,5055981
M028,ritel,Medan,2026-09-24,85,4588585
M028,ritel,Medan,2026-09-25,1029,54898203
M028,ritel,Medan,2026-09-26,79,3553379
M028,ritel,Medan,2026-09-27,76,3967906
M028,ritel,Medan,2026-09-28,82,3785928
M029,transport,Semarang,2026-09-01,73,4113996
M029,transport,Semarang,2026-09-02,70,3619963
M029,transport,Semarang,2026-09-03,73,3859264
M029,transport,Semarang,2026-09-04,86,3903682
M029,transport,Semarang,2026-09-05,84,6163786
M029,transport,Semarang,2026-09-06,77,4649084
M029,transport,Semarang,2026-09-07,88,7750824
M029,transport,Semarang,2026-09-08,77,4884258
M029,transport,Semarang,2026-09-09,85,5185392
M029,transport,Semarang,2026-09-10,96,4156802
M029,transport,Semarang,2026-09-11,86,4235811
M029,transport,Semarang,2026-09-12,93,6508566
M029,transport,Semarang,2026-09-13,84,4422592
M029,transport,Semarang,2026-09-14,81,4367347
M029,transport,Semarang,2026-09-15,86,4284878
M029,transport,Semarang,2026-09-16,83,3836776
M029,transport,Semarang,2026-09-17,78,4457293
M029,transport,Semarang,2026-09-18,97,4906153
M029,transport,Semarang,2026-09-19,103,4454685
M029,transport,Semarang,2026-09-20,80,4051707
M029,transport,Semarang,2026-09-21,83,3781115
M029,transport,Semarang,2026-09-22,81,4101710
M029,transport,Semarang,2026-09-23,79,5991585
M029,transport,Semarang,2026-09-24,91,4734045
M029,transport,Semarang,2026-09-25,1054,56689651
M029,transport,Semarang,2026-09-26,83,4471057
M029,transport,Semarang,2026-09-27,89,4289724
M029,transport,Semarang,2026-09-28,97,5353593
